{
  "recall_at_10": 0.5415778251599105,
  "perfect_at_10": 0.353544776119403,
  "recall_at_20": 0.6357054015636104,
  "perfect_at_20": 0.4646855010660981,
  "recall_at_30": 0.6882107320540177,
  "perfect_at_30": 0.5231876332622601,
  "recall_at_50": 0.752265458422179,
  "perfect_at_50": 0.5966151385927505,
  "recall_at_100": 0.8324004975124442,
  "perfect_at_100": 0.6997601279317697,
  "recall_at_200": 0.9149342572850091,
  "perfect_at_200": 0.8230277185501066,
  "recall_at_256": 0.9428304904051225,
  "perfect_at_256": 0.8752665245202559,
  "recall_at_300": 0.9584221748400893,
  "perfect_at_300": 0.9069829424307037,
  "recall_at_400": 0.9798329779673086,
  "perfect_at_400": 0.9528251599147122,
  "recall_at_500": 0.9899609097370307,
  "perfect_at_500": 0.9760127931769723,
  "recall_at_600": 0.9961353944562905,
  "perfect_at_600": 0.9908049040511727,
  "recall_at_800": 0.9995557924662403,
  "perfect_at_800": 0.9988006396588486,
  "total_gt_tracks": 22512,
  "total_events_with_gt": 7504,
  "d_prime": 2.010199615939586,
  "median_gt_rank": 7.0,
  "gt_rank_p75": 48.0,
  "gt_rank_p90": 178.0,
  "gt_rank_p95": 274.0,
  "found_3_of_3_at_200": 0.8230277185501066,
  "found_2_of_3_at_200": 0.11567164179104478,
  "found_1_of_3_at_200": 0.04437633262260128,
  "found_0_of_3_at_200": 0.016924307036247335
}